product_id,product_name,product_type,price,old_id
PRODUCT00001,mop,cleaning materials,16.0,PRODUCT00107
PRODUCT00002,car wrench,tools,17.28,PRODUCT00159
PRODUCT00003,Pikelets australian pancakes,readymade_breakfast,15.23,PRODUCT00299
PRODUCT00004,printer,electronics and technology,38.07,PRODUCT00518
PRODUCT00005,balloon,others,8.13,PRODUCT00534
PRODUCT00006,Fresh mango bread,readymade_breakfast,8.34,PRODUCT00535
PRODUCT00007,sheet of paper,stationary and school supplies,5.74,PRODUCT00550
PRODUCT00008,Poached eggs technique,readymade_breakfast,8.08,PRODUCT00665
PRODUCT00009,Caf a la russe chocolate coffee,readymade_dinner,38.48,PRODUCT00739
PRODUCT00010,candy bar,grocery,17.28,PRODUCT00744
PRODUCT00011,domino set,toys and entertainment,38.07,PRODUCT00909
PRODUCT00012,bag,apparel,17.28,PRODUCT00957
PRODUCT00013,refrigerator,appliances,14.67,PRODUCT00961
PRODUCT00014,pencil holder,accessories,5.74,PRODUCT01086
PRODUCT00015,Chocolate covered dipped strawberries,readymade_dinner,50.04,PRODUCT01128
PRODUCT00016,Italian eggs with bacon,readymade_breakfast,9.93,PRODUCT01268
PRODUCT00017,hair tie,accessories,5.74,PRODUCT01345
PRODUCT00018,6 week bran muffins auntie annes muffins,readymade_breakfast,8.57,PRODUCT01350
PRODUCT00019,candy wrapper,grocery,17.28,PRODUCT01399
PRODUCT00020,allen wrench,tools,17.28,PRODUCT02028
PRODUCT00021,New england roasted cornish game hens,readymade_dinner,51.68,PRODUCT02214
PRODUCT00022,The godfather of grilled cheese sandwiches,readymade_lunch,17.15,PRODUCT02287
PRODUCT00023,music CD,music,21.38,PRODUCT02380
PRODUCT00024,bottle of sunscreen,health and hygiene,6.11,PRODUCT02406
PRODUCT00025,3 meat breakfast pizza,readymade_breakfast,5.65,PRODUCT02479
PRODUCT00026,California crab salad,readymade_lunch,17.93,PRODUCT02848
PRODUCT00027,eraser,stationary and school supplies,5.74,PRODUCT02905
PRODUCT00028,box of notebooks,stationary,16.11,PRODUCT03010
PRODUCT00029,spring,tools,17.28,PRODUCT03084
PRODUCT00030,Beef for tacos,readymade_lunch,16.97,PRODUCT03104
PRODUCT00031,small knife,kitchenware,17.28,PRODUCT03118
PRODUCT00032,pasta strainer,kitchenware,17.28,PRODUCT03144
PRODUCT00033,bread,grocery,17.28,PRODUCT03225
PRODUCT00034,Original praline bacon recipe,readymade_breakfast,6.53,PRODUCT03294
PRODUCT00035,class ring,jewelry,11.81,PRODUCT03309
PRODUCT00036,Spicy chicken soup with hints of lemongrass and coconut milk,readymade_lunch,19.36,PRODUCT03333
PRODUCT00037,scotch tape,stationary and school supplies,5.74,PRODUCT03456
PRODUCT00038,ball of yarn,stationary and school supplies,5.74,PRODUCT03457
PRODUCT00039,Caribbean sunset,readymade_dinner,39.35,PRODUCT03696
PRODUCT00040,mp3 player,electronics and technology,38.07,PRODUCT03714
PRODUCT00041,Spanish garlic shrimp taverna,readymade_dinner,47.18,PRODUCT03989
PRODUCT00042,Oatmeal cookie granola,readymade_lunch,10.98,PRODUCT04050
PRODUCT00043,laptop,electronics and technology,38.07,PRODUCT04083
PRODUCT00044,glass mirror,furniture,38.07,PRODUCT04239
PRODUCT00045,large plate,kitchenware,17.28,PRODUCT04272
PRODUCT00046,T g i fridays mudslide,readymade_dinner,55.42,PRODUCT04373
PRODUCT00047,butter knife,kitchenware,17.28,PRODUCT04584
PRODUCT00048,Caramelized onion focaccia bread machine,readymade_lunch,36.91,PRODUCT04657
PRODUCT00049,Toasted ham and cheese supreme,readymade_lunch,28.59,PRODUCT04669
PRODUCT00050,Ww potato gratin 5 points,readymade_dinner,37.01,PRODUCT04721
PRODUCT00051,radio,electronics and technology,38.07,PRODUCT04910
PRODUCT00052,Katos tasty salmon cream cheese surprise,readymade_lunch,27.86,PRODUCT05051
PRODUCT00053,squirt gun,toys and entertainment,38.07,PRODUCT05303
PRODUCT00054,centrum,health and hygiene,6.11,PRODUCT05447
PRODUCT00055,carrot,grocery,17.28,PRODUCT05519
PRODUCT00056,Chocolate coconut dream bars,readymade_dinner,51.12,PRODUCT05572
PRODUCT00057,large door,furniture,38.07,PRODUCT05591
PRODUCT00058,comic book,toys and entertainment,38.07,PRODUCT05697
PRODUCT00059,Sugared cinnamon almonds,readymade_lunch,14.7,PRODUCT05773
PRODUCT00060,3 meat breakfast pizza,readymade_breakfast,9.64,PRODUCT05776
PRODUCT00061,Baby greens with mustard vinaigrette,readymade_lunch,30.61,PRODUCT05950
PRODUCT00062,blackberry phone,electronics and technology,38.07,PRODUCT05976
PRODUCT00063,Oven fried zucchini sticks,readymade_dinner,31.64,PRODUCT06004
PRODUCT00064,Chicken and egg on rice oyako donburi,readymade_breakfast,10.95,PRODUCT06101
PRODUCT00065,toy robot,toys and entertainment,38.07,PRODUCT06160
PRODUCT00066,Nats cucumber cream cheese bagel,readymade_lunch,15.16,PRODUCT06200
PRODUCT00067,Chicken with cashews,readymade_lunch,31.01,PRODUCT06431
PRODUCT00068,Sausage mushroom appetizers,readymade_dinner,34.96,PRODUCT06447
PRODUCT00069,apple,grocery,17.28,PRODUCT06454
PRODUCT00070,few batteries,electronics and technology,38.07,PRODUCT06518
PRODUCT00071,I did it my way tossed salad,readymade_dinner,38.45,PRODUCT06525
PRODUCT00072,pair of socks,apparel,17.28,PRODUCT06546
PRODUCT00073,steak knife,kitchenware,17.28,PRODUCT06762
PRODUCT00074,Toasted ham and cheese supreme,readymade_lunch,26.96,PRODUCT06815
PRODUCT00075,children's pants,apparel,17.28,PRODUCT06861
PRODUCT00076,Homemade popsicles,readymade_lunch,31.05,PRODUCT06984
PRODUCT00077,honey jar,grocery,17.28,PRODUCT07037
PRODUCT00078,toilet paper tube,health and hygiene,6.11,PRODUCT07101
PRODUCT00079,dehumidifier,electronics and technology,38.07,PRODUCT07137
PRODUCT00080,tea cup,kitchenware,17.28,PRODUCT07302
PRODUCT00081,Scrambled egg sandwiches with onions and red peppers,readymade_breakfast,13.61,PRODUCT07585
PRODUCT00082,bow tie,accessories,5.74,PRODUCT07667
PRODUCT00083,quartz crystal,jewelry,6.35,PRODUCT07689
PRODUCT00084,washcloth,accessories,5.74,PRODUCT07754
PRODUCT00085,Egg flowers,readymade_breakfast,8.83,PRODUCT07816
PRODUCT00086,button,accessories,5.74,PRODUCT07851
PRODUCT00087,wok,kitchenware,17.28,PRODUCT07875
PRODUCT00088,pens,stationary and school supplies,5.74,PRODUCT07965
PRODUCT00089,Everyday french breakfast baguette and jam with chocolate milk,readymade_breakfast,8.88,PRODUCT07974
PRODUCT00090,Grilled or baked salmon with lavender,readymade_dinner,40.15,PRODUCT08042
PRODUCT00091,Bacon egg casserole,readymade_breakfast,12.39,PRODUCT08098
PRODUCT00092,Sausage sandwich italian style,readymade_lunch,22.06,PRODUCT08105
PRODUCT00093,pair of safety goggles,tools,17.28,PRODUCT08116
PRODUCT00094,nail polish,cosmetics,7.55,PRODUCT08132
PRODUCT00095,bed,furniture,38.07,PRODUCT08198
PRODUCT00096,carton of ice cream,grocery,17.28,PRODUCT08237
PRODUCT00097,Berry cream cheese coffee cake,readymade_breakfast,9.39,PRODUCT08253
PRODUCT00098,bar of soap,health and hygiene,6.11,PRODUCT08264
PRODUCT00099,bell,accessories,5.74,PRODUCT08279
PRODUCT00100,novel,toys and entertainment,38.07,PRODUCT08480
PRODUCT00101,packet of seeds,grocery,17.28,PRODUCT08782
PRODUCT00102,iphone,technology,24.63,PRODUCT08790
PRODUCT00103,baseball gloves,sports,3.78,PRODUCT08839
PRODUCT00104,Parmesan fish in the oven,readymade_lunch,34.81,PRODUCT08902
PRODUCT00105,pocketknife,accessories,5.74,PRODUCT09159
PRODUCT00106,mini table,furniture,38.07,PRODUCT09279
PRODUCT00107,bottle of perfume,accessories,5.74,PRODUCT09482
PRODUCT00108,Spanish garlic shrimp taverna,readymade_dinner,31.08,PRODUCT09653
PRODUCT00109,acorn,grocery,17.28,PRODUCT09693
PRODUCT00110,hair clip,accessories,5.74,PRODUCT09731
PRODUCT00111,Hearty grilled cheese,readymade_lunch,29.8,PRODUCT09848
PRODUCT00112,Crushed red potatoes with garlic,readymade_dinner,33.11,PRODUCT10068
PRODUCT00113,Lindas special potato salad,readymade_dinner,52.61,PRODUCT10245
PRODUCT00114,sandals,apparel,17.28,PRODUCT10248
PRODUCT00115,fish,grocery,17.28,PRODUCT10334
PRODUCT00116,Queen margherita pizza,readymade_lunch,20.82,PRODUCT10398
PRODUCT00117,spice bottle,grocery,17.28,PRODUCT10492
PRODUCT00118,Scrambled egg sandwiches with onions and red peppers,readymade_breakfast,13.18,PRODUCT10592
PRODUCT00119,tooth pick,health and hygiene,6.11,PRODUCT10592
PRODUCT00120,Grilled havarti and avocado sandwiches,readymade_lunch,25.52,PRODUCT10650
PRODUCT00121,Blueberry bakery muffins,readymade_breakfast,10.61,PRODUCT10695
PRODUCT00122,scallop shell,grocery,17.28,PRODUCT10749
PRODUCT00123,Sleepy twisted sisters g n g breakfast ramekin,readymade_breakfast,11.6,PRODUCT10771
PRODUCT00124,English muffins with bacon butter,readymade_breakfast,7.32,PRODUCT10780
PRODUCT00125,purse,accessories,5.74,PRODUCT10825
PRODUCT00126,garden spade,tools,17.28,PRODUCT10899
PRODUCT00127,spool of thread,accessories,5.74,PRODUCT10973
PRODUCT00128,remote,electronics and technology,38.07,PRODUCT11049
PRODUCT00129,clay pot,furniture,38.07,PRODUCT11158
PRODUCT00130,keyholder,accessories,5.74,PRODUCT11306
PRODUCT00131,Flaeskeaeggekage danish bacon egg pancake omelet,readymade_breakfast,7.65,PRODUCT11333
PRODUCT00132,plush frog,toys and entertainment,38.07,PRODUCT11415
PRODUCT00133,Hummus with a twist,readymade_lunch,11.18,PRODUCT11538
PRODUCT00134,Long island iced tea applebees tgi fridays style,readymade_dinner,43.83,PRODUCT11543
PRODUCT00135,Italian deli wraps,readymade_lunch,36.47,PRODUCT11963
PRODUCT00136,cup,kitchenware,17.28,PRODUCT11998
PRODUCT00137,light bulb,electronics and technology,38.07,PRODUCT12174
PRODUCT00138,ladle,kitchenware,17.28,PRODUCT12201
PRODUCT00139,tall light lamp,furniture,38.07,PRODUCT12233
PRODUCT00140,pool stick,tools,17.28,PRODUCT12322
PRODUCT00141,door,furniture,38.07,PRODUCT12380
PRODUCT00142,Quick elephant ears,readymade_lunch,39.48,PRODUCT12397
PRODUCT00143,cabinet,furniture,38.07,PRODUCT12400
PRODUCT00144,bottle of water,grocery,17.28,PRODUCT12456
PRODUCT00145,antibacterial soap,health and hygiene,6.11,PRODUCT12662
PRODUCT00146,milk,grocery,17.28,PRODUCT12820
PRODUCT00147,pillow,furniture,38.07,PRODUCT12877
PRODUCT00148,Tuna red onion and parsley salad,readymade_lunch,14.0,PRODUCT12902
PRODUCT00149,lemon,grocery,17.28,PRODUCT12916
PRODUCT00150,basketball,sports,16.69,PRODUCT13070
PRODUCT00151,dove soap,health and hygiene,6.11,PRODUCT13078
PRODUCT00152,Toasted sunny side up egg and cheese sandwiches,readymade_breakfast,8.07,PRODUCT13168
PRODUCT00153,sticker book,stationary and school supplies,5.74,PRODUCT13246
PRODUCT00154,bottle,grocery,17.28,PRODUCT13499
PRODUCT00155,water bottle,grocery,17.28,PRODUCT13611
PRODUCT00156,video recorder,electronics and technology,38.07,PRODUCT13660
PRODUCT00157,door knob,furniture,38.07,PRODUCT13991
PRODUCT00158,Lemon coconut muffins,readymade_lunch,19.92,PRODUCT14013
PRODUCT00159,Broiled cinnamon toast,readymade_breakfast,8.01,PRODUCT14085
PRODUCT00160,socks,apparel,17.28,PRODUCT14421
PRODUCT00161,stop sign,stationary and school supplies,5.74,PRODUCT14423
PRODUCT00162,Fresh mango bread,readymade_breakfast,6.87,PRODUCT14431
PRODUCT00163,clock,furniture,38.07,PRODUCT14601
PRODUCT00164,Spinach salad with blue cheese,readymade_lunch,16.66,PRODUCT14602
PRODUCT00165,picture frame,accessories,5.74,PRODUCT14605
PRODUCT00166,gaming gards,toys and entertainment,38.07,PRODUCT14660
PRODUCT00167,plush bear,toys and entertainment,38.07,PRODUCT14691
PRODUCT00168,comb,accessories,5.74,PRODUCT14696
PRODUCT00169,bandana,accessories,5.74,PRODUCT14726
PRODUCT00170,extension cord,electronics and technology,38.07,PRODUCT14794
PRODUCT00171,cement stone,tools,17.28,PRODUCT14943
PRODUCT00172,plates,kitchenware,17.28,PRODUCT14956
PRODUCT00173,box of Q-tips,health and hygiene,6.11,PRODUCT15136
PRODUCT00174,Baked ham glazed with pineapple and chipotle peppers,readymade_lunch,39.23,PRODUCT15151
PRODUCT00175,dove lotion,health and hygiene,6.11,PRODUCT15245
PRODUCT00176,khaki shorts,apparel,17.28,PRODUCT15618
PRODUCT00177,Creamed peas on toast,readymade_lunch,19.56,PRODUCT15639
PRODUCT00178,toilet,furniture,38.07,PRODUCT15679
PRODUCT00179,tennis jersey,sports,9.02,PRODUCT15728
PRODUCT00180,No bake hersheys bar pie,readymade_lunch,17.66,PRODUCT15748
PRODUCT00181,polo shirt,apparel,17.28,PRODUCT15826
PRODUCT00182,Flaeskeaeggekage danish bacon egg pancake omelet,readymade_breakfast,8.65,PRODUCT15861
PRODUCT00183,Sherry buttered shrimp,readymade_dinner,52.13,PRODUCT15886
PRODUCT00184,desk light,furniture,38.07,PRODUCT15983
PRODUCT00185,Orange glazed pork chops,readymade_dinner,35.5,PRODUCT16039
PRODUCT00186,buckle,tools,17.28,PRODUCT16100
PRODUCT00187,Apple butterflies,readymade_lunch,14.58,PRODUCT16145
PRODUCT00188,soy milk,grocery,17.28,PRODUCT16656
PRODUCT00189,Grandmas swedish thin pancakes,readymade_breakfast,12.81,PRODUCT16794
PRODUCT00190,Number 400 seafood casserole,readymade_lunch,23.81,PRODUCT16814
PRODUCT00191,salt shaker,kitchenware,17.28,PRODUCT16844
PRODUCT00192,toothpick,health and hygiene,6.11,PRODUCT16928
PRODUCT00193,hand bag,accessories,5.74,PRODUCT16950
PRODUCT00194,Hummus with a twist,readymade_lunch,12.44,PRODUCT17055
PRODUCT00195,keychain,accessories,5.74,PRODUCT17131
PRODUCT00196,Fresh mango bread,readymade_breakfast,9.19,PRODUCT17153
PRODUCT00197,baseball,sports,8.72,PRODUCT17244
PRODUCT00198,Sweet onion and mashed potato bake,readymade_dinner,40.05,PRODUCT17294
PRODUCT00199,Baked swiss cheese omelet,readymade_breakfast,8.72,PRODUCT17344
PRODUCT00200,Baked pears,readymade_breakfast,9.92,PRODUCT17375
PRODUCT00201,Breakfast casserole seasoned with country gravy,readymade_breakfast,5.77,PRODUCT17385
PRODUCT00202,matchbook,accessories,5.74,PRODUCT17470
PRODUCT00203,Canadian bacon cheese omelet,readymade_breakfast,7.25,PRODUCT17602
PRODUCT00204,Easy danish kringle,readymade_breakfast,8.87,PRODUCT18058
PRODUCT00205,orange,grocery,17.28,PRODUCT18259
PRODUCT00206,electric fan,technology,22.68,PRODUCT18466
PRODUCT00207,country flag,stationary and school supplies,5.74,PRODUCT18592
PRODUCT00208,Famous white wings,readymade_lunch,24.59,PRODUCT18598
PRODUCT00209,Kittencals crock pot french dip roast,readymade_dinner,52.91,PRODUCT18608
PRODUCT00210,window,furniture,38.07,PRODUCT18854
PRODUCT00211,beaded bracelet,jewelry,11.31,PRODUCT18900
PRODUCT00212,shovel,tools,17.28,PRODUCT19537
PRODUCT00213,wine glass,kitchenware,17.28,PRODUCT19556
PRODUCT00214,Christmas ornament,furniture,38.07,PRODUCT19599
PRODUCT00215,oslo paper,stationary and school supplies,5.74,PRODUCT19599
PRODUCT00216,pair of tongs,kitchenware,17.28,PRODUCT19736
PRODUCT00217,spoon,kitchenware,17.28,PRODUCT19785
PRODUCT00218,Grilled chicken pesto panini,readymade_lunch,39.3,PRODUCT19795
PRODUCT00219,Another buffalo wings recipe,readymade_lunch,23.14,PRODUCT19806
PRODUCT00220,table,furniture,38.07,PRODUCT19879
PRODUCT00221,Hearty grilled cheese,readymade_lunch,12.52,PRODUCT19920
PRODUCT00222,squid,grocery,17.28,PRODUCT19963
PRODUCT00223,Parslied new potatoes,readymade_dinner,39.76,PRODUCT20028
PRODUCT00224,Vanilla fruit dip,readymade_breakfast,15.41,PRODUCT20183
PRODUCT00225,Ginger soy salmon,readymade_lunch,30.98,PRODUCT20205
PRODUCT00226,axe,tools,17.28,PRODUCT20330
PRODUCT00227,ice pick,tools,17.28,PRODUCT20348
PRODUCT00228,Hoisin marinated wing pieces,readymade_lunch,35.75,PRODUCT20398
PRODUCT00229,Swedish cucumber salad pressgurka,readymade_dinner,42.13,PRODUCT20506
PRODUCT00230,Parmesan fish in the oven,readymade_lunch,28.38,PRODUCT20607
PRODUCT00231,dog food,grocery,17.28,PRODUCT20679
PRODUCT00232,Creamy lemon tarts,readymade_dinner,36.42,PRODUCT20809
PRODUCT00233,mouse pad,accessories,5.74,PRODUCT20986
PRODUCT00234,fish ball,grocery,17.28,PRODUCT21143
PRODUCT00235,diamond ring,jewelry,21.41,PRODUCT21217
PRODUCT00236,wristwatch,electronics and technology,38.07,PRODUCT21488
PRODUCT00237,Vanilla fruit dip,readymade_breakfast,7.75,PRODUCT21559
PRODUCT00238,bottle of soda,grocery,17.28,PRODUCT21579
PRODUCT00239,roll of masking tape,tools,17.28,PRODUCT21603
PRODUCT00240,Spicy chicken soup with hints of lemongrass and coconut milk,readymade_lunch,33.63,PRODUCT21604
PRODUCT00241,purse/bag,apparel,17.28,PRODUCT21614
PRODUCT00242,shark toy,toys and entertainment,38.07,PRODUCT21941
PRODUCT00243,Danish bubble,readymade_breakfast,13.64,PRODUCT22011
PRODUCT00244,dove deodorant,health and hygiene,6.11,PRODUCT22046
PRODUCT00245,outlet,electronics and technology,38.07,PRODUCT22100
PRODUCT00246,martini glass,kitchenware,17.28,PRODUCT22136
PRODUCT00247,Sweet onion and mashed potato bake,readymade_dinner,52.55,PRODUCT22318
PRODUCT00248,Garlic herbed roasted red skin potatoes,readymade_lunch,11.56,PRODUCT22373
PRODUCT00249,volleyball shoes,sports,16.32,PRODUCT22565
PRODUCT00250,screwdriver,tools,17.28,PRODUCT22691
PRODUCT00251,package of crisp and crunchy edibles,grocery,17.28,PRODUCT22692
PRODUCT00252,bananas,grocery,17.28,PRODUCT22698
PRODUCT00253,tweezers,accessories,5.74,PRODUCT22797
PRODUCT00254,toy soldier,toys and entertainment,38.07,PRODUCT22934
PRODUCT00255,Goat cheese black olive mashed potatoes,readymade_dinner,38.62,PRODUCT23102
PRODUCT00256,light stick,tools,17.28,PRODUCT23233
PRODUCT00257,The godfather of grilled cheese sandwiches,readymade_lunch,31.53,PRODUCT23312
PRODUCT00258,Old fashioned banana muffins,readymade_breakfast,5.68,PRODUCT23431
PRODUCT00259,tool box,tools,17.28,PRODUCT23444
PRODUCT00260,trash bag,health and hygiene,6.11,PRODUCT23539
PRODUCT00261,Swirled cranberry cheesecake,readymade_dinner,31.65,PRODUCT23724
PRODUCT00262,computer,electronics and technology,38.07,PRODUCT23730
PRODUCT00263,Cardamom sour cream waffles,readymade_breakfast,11.63,PRODUCT23739
PRODUCT00264,tennis racket,sports,14.08,PRODUCT23751
PRODUCT00265,Baked pears,readymade_breakfast,10.04,PRODUCT23890
PRODUCT00266,bottle of oil,grocery,17.28,PRODUCT23986
PRODUCT00267,Spinach with lemon garlic,readymade_dinner,31.62,PRODUCT23991
PRODUCT00268,pair of earrings,jewelry,23.13,PRODUCT24155
PRODUCT00269,Chocolate covered dipped strawberries,readymade_dinner,47.78,PRODUCT24303
PRODUCT00270,khaki pants,apparel,17.28,PRODUCT24359
PRODUCT00271,Egg salad club sandwiches or shrimp salad club,readymade_lunch,39.03,PRODUCT24407
PRODUCT00272,broccoli,grocery,17.28,PRODUCT24514
PRODUCT00273,mouse pad,electronics and technology,38.07,PRODUCT24772
PRODUCT00274,electronic keyboard,electronics and technology,38.07,PRODUCT24798
PRODUCT00275,helmet,apparel,17.28,PRODUCT24807
PRODUCT00276,key,furniture,38.07,PRODUCT24868
PRODUCT00277,Tonkatsu japanese pork cutlet,readymade_dinner,33.81,PRODUCT25027
PRODUCT00278,Grilled blue cheese burgers,readymade_lunch,35.03,PRODUCT25134
PRODUCT00279,wedding ring,jewelry,25.46,PRODUCT25172
PRODUCT00280,credit card holder,accessories,5.74,PRODUCT25317
PRODUCT00281,drawer,furniture,38.07,PRODUCT25336
PRODUCT00282,television set,electronics and technology,38.07,PRODUCT25343
PRODUCT00283,magnifying glass,stationary,22.26,PRODUCT25621
PRODUCT00284,red scarf,apparel,17.28,PRODUCT25652
PRODUCT00285,blouse,apparel,17.28,PRODUCT25856
PRODUCT00286,Chili jack oven omelet,readymade_breakfast,6.01,PRODUCT25962
PRODUCT00287,face wash,health and hygiene,6.11,PRODUCT26076
PRODUCT00288,piece of gum,grocery,17.28,PRODUCT26149
PRODUCT00289,Maple coffee,readymade_dinner,36.11,PRODUCT26180
PRODUCT00290,flower blouse,apparel,17.28,PRODUCT26243
PRODUCT00291,Butterflied leg of lamb with lots of garlic and rosemary,readymade_dinner,43.4,PRODUCT26249
PRODUCT00292,miniature portrait,accessories,5.74,PRODUCT26301
PRODUCT00293,Fantastic banana bran muffins,readymade_lunch,12.53,PRODUCT26346
PRODUCT00294,flashlight,tools,17.28,PRODUCT26460
PRODUCT00295,Moms cheat doughnuts,readymade_breakfast,6.78,PRODUCT26612
PRODUCT00296,chicken,grocery,17.28,PRODUCT26750
PRODUCT00297,Whole grain pancake mix,readymade_breakfast,8.44,PRODUCT27057
PRODUCT00298,pearl necklace,jewelry,10.11,PRODUCT27175
PRODUCT00299,Bergy dim sum 5 steamed shrimp dumplings,readymade_dinner,39.63,PRODUCT27300
PRODUCT00300,mattress,furniture,38.07,PRODUCT27572
PRODUCT00301,closet,furniture,38.07,PRODUCT27594
PRODUCT00302,toothbrush,health and hygiene,6.11,PRODUCT27604
PRODUCT00303,handheld game system,electronics and technology,38.07,PRODUCT27609
PRODUCT00304,lighter,tools,17.28,PRODUCT27634
PRODUCT00305,Sausage sandwich italian style,readymade_lunch,14.72,PRODUCT27686
PRODUCT00306,ice cream stick,grocery,17.28,PRODUCT27721
PRODUCT00307,blue shirt,apparel,17.28,PRODUCT27776
PRODUCT00308,pencil,stationary and school supplies,5.74,PRODUCT27881
PRODUCT00309,Chocolate coconut dream bars,readymade_lunch,23.97,PRODUCT28035
PRODUCT00310,Crispy noodle salad with sweet and sour dressing,readymade_dinner,32.21,PRODUCT28104
PRODUCT00311,Pan broiled steak with whiskey sauce,readymade_dinner,33.11,PRODUCT28165
PRODUCT00312,feather,accessories,5.74,PRODUCT28494
PRODUCT00313,rubber cows,toys and entertainment,38.07,PRODUCT28697
PRODUCT00314,Toasted sunny side up egg and cheese sandwiches,readymade_breakfast,13.55,PRODUCT28708
PRODUCT00315,Spicy chicken soup with hints of lemongrass and coconut milk,readymade_lunch,20.81,PRODUCT28725
PRODUCT00316,Asparagus with lemon butter crumbs,readymade_dinner,54.8,PRODUCT28748
PRODUCT00317,harry potter,toys and entertainment,38.07,PRODUCT28785
PRODUCT00318,tea pot,kitchenware,17.28,PRODUCT28797
PRODUCT00319,box of chalk,stationary and school supplies,5.74,PRODUCT28972
PRODUCT00320,twister,toys and entertainment,38.07,PRODUCT29047
PRODUCT00321,Poached eggs technique,readymade_breakfast,6.34,PRODUCT29048
PRODUCT00322,Mexi eggs in a hole,readymade_breakfast,9.4,PRODUCT29135
PRODUCT00323,tube of lip balm,accessories,5.74,PRODUCT29173
PRODUCT00324,Flounder stuffed with shrimp and crabmeat,readymade_dinner,36.34,PRODUCT29241
PRODUCT00325,grid paper,stationary and school supplies,5.74,PRODUCT29299
PRODUCT00326,glue gun,toolss,13.17,PRODUCT29421
PRODUCT00327,Sausage gravy for biscuits and gravy,readymade_breakfast,11.94,PRODUCT29464
PRODUCT00328,rice,grocery,17.28,PRODUCT29484
PRODUCT00329,plush dinosaur,toys and entertainment,38.07,PRODUCT29692
PRODUCT00330,Muffin toppings,readymade_breakfast,8.87,PRODUCT30026
PRODUCT00331,harmonica,music,16.64,PRODUCT30105
PRODUCT00332,flyswatter,accessories,5.74,PRODUCT30159
PRODUCT00333,Roasted asparagus with sage and lemon butter,readymade_dinner,45.81,PRODUCT30163
PRODUCT00334,can of beans,grocery,17.28,PRODUCT30168
PRODUCT00335,Kahlua hot chocolate,readymade_dinner,31.57,PRODUCT30241
PRODUCT00336,brush,accessories,5.74,PRODUCT30561
PRODUCT00337,Everyday french breakfast baguette and jam with chocolate milk,readymade_breakfast,5.67,PRODUCT30578
PRODUCT00338,hard drive,electronics and technology,38.07,PRODUCT30600
PRODUCT00339,magazine,toys and entertainment,38.07,PRODUCT30680
PRODUCT00340,Original praline bacon recipe,readymade_breakfast,8.43,PRODUCT30732
PRODUCT00341,Celery and blue cheese salad,readymade_dinner,38.4,PRODUCT30824
PRODUCT00342,Goat cheese black olive mashed potatoes,readymade_lunch,18.64,PRODUCT30879
PRODUCT00343,stockings,apparel,17.28,PRODUCT30941
PRODUCT00344,coloring book,toys and entertainment,38.07,PRODUCT30996
PRODUCT00345,rubber stamp,accessories,5.74,PRODUCT31025
PRODUCT00346,Pikelets australian pancakes,readymade_breakfast,14.05,PRODUCT31056
PRODUCT00347,blowdryer,electronics and technology,38.07,PRODUCT31116
PRODUCT00348,CD,electronics and technology,38.07,PRODUCT31119
PRODUCT00349,chalk,stationary and school supplies,5.74,PRODUCT31455
PRODUCT00350,bottle of lotion,health and hygiene,6.11,PRODUCT31477
PRODUCT00351,smart television,electronics and technology,38.07,PRODUCT31495
PRODUCT00352,pair of water goggles,accessories,5.74,PRODUCT31591
PRODUCT00353,Creamy scrambled eggs in the microwave,readymade_breakfast,5.73,PRODUCT31756
PRODUCT00354,plush pony,toys and entertainment,38.07,PRODUCT31809
PRODUCT00355,rope,accessories,5.74,PRODUCT31816
PRODUCT00356,panda plushie,toys and entertainment,38.07,PRODUCT31819
PRODUCT00357,spatula,kitchenware,17.28,PRODUCT31846
PRODUCT00358,video games,electronics and technology,38.07,PRODUCT31963
PRODUCT00359,Maple coffee,readymade_dinner,42.58,PRODUCT31973
PRODUCT00360,3 meat breakfast pizza,readymade_breakfast,11.21,PRODUCT31979
PRODUCT00361,paperclip,stationary and school supplies,5.74,PRODUCT31991
PRODUCT00362,small notebook,stationary and school supplies,5.74,PRODUCT32152
PRODUCT00363,small pouch,accessories,5.74,PRODUCT32211
PRODUCT00364,A faster egg muffin,readymade_breakfast,11.95,PRODUCT32361
PRODUCT00365,plush rabbit,toys and entertainment,38.07,PRODUCT32391
PRODUCT00366,summit drinking water,grocery,17.28,PRODUCT32736
PRODUCT00367,laser pointer,electronics and technology,38.07,PRODUCT32838
PRODUCT00368,Original praline bacon recipe,readymade_breakfast,9.19,PRODUCT32948
PRODUCT00369,Red potato and green bean saute,readymade_dinner,55.46,PRODUCT32987
PRODUCT00370,beef,grocery,17.28,PRODUCT33124
PRODUCT00371,No bake hersheys bar pie,readymade_dinner,39.1,PRODUCT33149
PRODUCT00372,Easy breakfast casserole,readymade_breakfast,6.99,PRODUCT33305
PRODUCT00373,Nats cucumber cream cheese bagel,readymade_breakfast,11.31,PRODUCT33422
PRODUCT00374,saw,tools,17.28,PRODUCT33489
PRODUCT00375,Pumpkin ginger scones with cinnamon chips,readymade_breakfast,10.2,PRODUCT33533
PRODUCT00376,Emerils stewed black eyed peas,readymade_dinner,30.82,PRODUCT33765
PRODUCT00377,hammer,tools,17.28,PRODUCT33973
PRODUCT00378,Purple cow,readymade_lunch,38.38,PRODUCT34196
PRODUCT00379,Copycat taco bell chicken enchilada bowl,readymade_lunch,31.73,PRODUCT34235
PRODUCT00380,Eggs in a basket,readymade_breakfast,12.38,PRODUCT34251
PRODUCT00381,drill press,tools,17.28,PRODUCT34423
PRODUCT00382,Canadian bacon cheese omelet,readymade_breakfast,14.47,PRODUCT34445
PRODUCT00383,Strawberry and cream cheese parfait,readymade_dinner,45.94,PRODUCT34466
PRODUCT00384,Katos tasty salmon cream cheese surprise,readymade_lunch,11.91,PRODUCT34562
PRODUCT00385,bowl,kitchenware,17.28,PRODUCT34682
PRODUCT00386,Savory pita chips,readymade_dinner,40.87,PRODUCT34708
PRODUCT00387,Shirleys plain or blueberry muffins,readymade_breakfast,13.33,PRODUCT34734
PRODUCT00388,airconditioner,electronics and technology,38.07,PRODUCT34777
PRODUCT00389,orca plushie,toys and entertainment,38.07,PRODUCT34796
PRODUCT00390,whale toy,toys and entertainment,38.07,PRODUCT34832
PRODUCT00391,paintbrush,tools,17.28,PRODUCT35012
PRODUCT00392,Hearty grilled cheese,readymade_lunch,23.88,PRODUCT35031
PRODUCT00393,toy top,toys and entertainment,38.07,PRODUCT35048
PRODUCT00394,3 meat breakfast pizza,readymade_lunch,22.53,PRODUCT35116
PRODUCT00395,leg warmers,apparel,17.28,PRODUCT35187
PRODUCT00396,ipod,electronics and technology,38.07,PRODUCT35200
PRODUCT00397,tomato,grocery,17.28,PRODUCT35203
PRODUCT00398,microphone,electronics and technology,38.07,PRODUCT35269
PRODUCT00399,whistle,accessories,5.74,PRODUCT35277
PRODUCT00400,wireless control,electronics and technology,38.07,PRODUCT35292
PRODUCT00401,pair of sunglasses,accessories,5.74,PRODUCT35380
PRODUCT00402,sun glasses,accessories,5.74,PRODUCT35567
PRODUCT00403,deodorant,health and hygiene,6.11,PRODUCT35601
PRODUCT00404,plush dog,toys and entertainment,38.07,PRODUCT35603
PRODUCT00405,Tuna red onion and parsley salad,readymade_lunch,36.77,PRODUCT35713
PRODUCT00406,gargle,health and hygiene,6.11,PRODUCT36198
PRODUCT00407,shoe lace,accessories,5.74,PRODUCT36256
PRODUCT00408,plastic fork,kitchenware,17.28,PRODUCT36328
PRODUCT00409,chocolate cookies,grocery,17.28,PRODUCT36338
PRODUCT00410,Cheesecake kugel,readymade_breakfast,6.8,PRODUCT36392
PRODUCT00411,pork,grocery,17.28,PRODUCT36428
PRODUCT00412,Lindas asian salmon,readymade_dinner,36.73,PRODUCT36441
PRODUCT00413,notepad,stationary and school supplies,5.74,PRODUCT36453
PRODUCT00414,Nats cucumber cream cheese bagel,readymade_breakfast,8.97,PRODUCT36489
PRODUCT00415,can of whipped cream,grocery,17.28,PRODUCT36555
PRODUCT00416,hair pin,accessories,5.74,PRODUCT36795
PRODUCT00417,whip cream,grocery,17.28,PRODUCT36796
PRODUCT00418,English muffins with bacon butter,readymade_breakfast,12.29,PRODUCT36847
PRODUCT00419,Grilled cheese on raisin bread,readymade_lunch,24.29,PRODUCT36932
PRODUCT00420,screwdriver,tools,17.28,PRODUCT36941
PRODUCT00421,roll of stickers,stationary and school supplies,5.74,PRODUCT37149
PRODUCT00422,Poached eggs technique,readymade_breakfast,6.43,PRODUCT37163
PRODUCT00423,baseball bat,sports,18.02,PRODUCT37261
PRODUCT00424,magnet,tools,17.28,PRODUCT37389
PRODUCT00425,Fried almonds,readymade_lunch,20.48,PRODUCT37763
PRODUCT00426,Eggs in a basket,readymade_breakfast,12.55,PRODUCT37809
PRODUCT00427,letter opener,tools,17.28,PRODUCT37820
PRODUCT00428,Amazing sweet italian sausage pasta soup,readymade_dinner,48.96,PRODUCT38031
PRODUCT00429,toy car,toys and entertainment,38.07,PRODUCT38056
PRODUCT00430,Scrambled eggs oeufs brouills,readymade_breakfast,7.28,PRODUCT38108
PRODUCT00431,Turkey swiss panini,readymade_lunch,38.51,PRODUCT38164
PRODUCT00432,fishing hook,accessories,5.74,PRODUCT38223
PRODUCT00433,safety pin,accessories,5.74,PRODUCT38223
PRODUCT00434,boom box,electronics and technology,38.07,PRODUCT38278
PRODUCT00435,Wild addicting dip,readymade_dinner,35.51,PRODUCT38361
PRODUCT00436,jar of jam,grocery,17.28,PRODUCT38404
PRODUCT00437,white spoon,kitchenware,17.28,PRODUCT38411
PRODUCT00438,rubber band,accessories,5.74,PRODUCT38477
PRODUCT00439,Original praline bacon recipe,readymade_breakfast,8.89,PRODUCT38595
PRODUCT00440,Kittencals extra crispy fried chicken breast,readymade_dinner,35.9,PRODUCT38603
PRODUCT00441,pepper shaker,kitchenware,17.28,PRODUCT38639
PRODUCT00442,Blt sandwich,readymade_lunch,26.85,PRODUCT38791
PRODUCT00443,couch,furniture,38.07,PRODUCT39268
PRODUCT00444,roll of duct tape,tools,17.28,PRODUCT39300
PRODUCT00445,Amazing sweet italian sausage pasta soup,readymade_lunch,31.49,PRODUCT39400
PRODUCT00446,Kick a fried onion rings,readymade_dinner,52.93,PRODUCT39547
PRODUCT00447,Spinach with lemon garlic,readymade_lunch,40.11,PRODUCT39580
PRODUCT00448,shopping bag,accessories,5.74,PRODUCT39669
PRODUCT00449,fridge,electronics and technology,38.07,PRODUCT39678
PRODUCT00450,wooden nails,tools,17.28,PRODUCT39720
PRODUCT00451,laptop,technology,15.09,PRODUCT39751
PRODUCT00452,bag of popcorn,grocery,17.28,PRODUCT39770
PRODUCT00453,lamp shade,furniture,38.07,PRODUCT39805
PRODUCT00454,rubber duck,toys and entertainment,38.07,PRODUCT39935
PRODUCT00455,shoes,apparel,17.28,PRODUCT40013
PRODUCT00456,Asparagus omelette wraps,readymade_breakfast,15.29,PRODUCT40035
PRODUCT00457,Baby greens with mustard vinaigrette,readymade_lunch,23.3,PRODUCT40157
PRODUCT00458,Toasted sunny side up egg and cheese sandwiches,readymade_breakfast,11.74,PRODUCT40372
PRODUCT00459,ipod charger,electronics and technology,38.07,PRODUCT40416
PRODUCT00460,standing desk,furniture,38.07,PRODUCT40474
PRODUCT00461,gold necklace,jewelry,21.71,PRODUCT40638
PRODUCT00462,toy boat,toys and entertainment,38.07,PRODUCT40818
PRODUCT00463,The traditional cyprus sandwich with halloumi onions and tomato,readymade_lunch,21.01,PRODUCT40839
PRODUCT00464,package of glitter,accessories,5.74,PRODUCT40901
PRODUCT00465,Reuben sandwich our way,readymade_lunch,15.52,PRODUCT41016
PRODUCT00466,Moroccan cinnamon coffee with orange flower water,readymade_dinner,46.26,PRODUCT41024
PRODUCT00467,washing machine,electronics and technology,38.07,PRODUCT41178
PRODUCT00468,Hummus with pine nuts turkish style,readymade_dinner,41.76,PRODUCT41255
PRODUCT00469,lime,grocery,17.28,PRODUCT41308
PRODUCT00470,desk drawer,furniture,38.07,PRODUCT41448
PRODUCT00471,Butterflied leg of lamb with lots of garlic and rosemary,readymade_dinner,54.2,PRODUCT41802
PRODUCT00472,can opener,kitchenware,17.28,PRODUCT41821
PRODUCT00473,hand mirror,accessories,5.74,PRODUCT41840
PRODUCT00474,football,sports,17.84,PRODUCT41898
PRODUCT00475,cookies,grocery,17.28,PRODUCT41956
PRODUCT00476,kitchen knife,kitchenware,17.28,PRODUCT42173
PRODUCT00477,watch,electronics and technology,38.07,PRODUCT42272
PRODUCT00478,wrench,tools,17.28,PRODUCT42535
PRODUCT00479,pair of rubber gloves,health and hygiene,6.11,PRODUCT42592
PRODUCT00480,6 week bran muffins auntie annes muffins,readymade_breakfast,6.52,PRODUCT42606
PRODUCT00481,Country scrambled eggs,readymade_breakfast,8.3,PRODUCT42683
PRODUCT00482,Purple cow,readymade_lunch,26.92,PRODUCT42768
PRODUCT00483,egg beater,kitchenware,17.28,PRODUCT42789
PRODUCT00484,Easy danish kringle,readymade_breakfast,6.94,PRODUCT42855
PRODUCT00485,plush cat,toys and entertainment,38.07,PRODUCT42908
PRODUCT00486,bangle bracelet,jewelry,20.61,PRODUCT43004
PRODUCT00487,huge scissors,tools,17.28,PRODUCT43006
PRODUCT00488,Toasted sunny side up egg and cheese sandwiches,readymade_breakfast,11.36,PRODUCT43032
PRODUCT00489,conditioner,health and hygiene,6.11,PRODUCT43148
PRODUCT00490,can of chili,grocery,17.28,PRODUCT43238
PRODUCT00491,Muffin toppings,readymade_breakfast,6.43,PRODUCT43253
PRODUCT00492,Baked swiss cheese omelet,readymade_breakfast,13.38,PRODUCT43254
PRODUCT00493,candle,accessories,5.74,PRODUCT43278
PRODUCT00494,baseball hat,sports,18.99,PRODUCT43640
PRODUCT00495,pack of cards,toys and entertainment,38.07,PRODUCT43805
PRODUCT00496,box of markers,stationary and school supplies,5.74,PRODUCT43899
PRODUCT00497,Mushroom and chicken grilled quesadillas,readymade_dinner,54.38,PRODUCT43988
PRODUCT00498,Delicious and simple fruit dip,readymade_lunch,12.46,PRODUCT44153
PRODUCT00499,Mamas fruit cobbler,readymade_dinner,49.3,PRODUCT44198
PRODUCT00500,dolphin toy,toys and entertainment,38.07,PRODUCT44353
PRODUCT00501,box of chocolates,grocery,17.28,PRODUCT44474
PRODUCT00502,chain,tools,17.28,PRODUCT44480
PRODUCT00503,soap,health and hygiene,6.11,PRODUCT44493
PRODUCT00504,rolling pin,kitchenware,17.28,PRODUCT44526
PRODUCT00505,crocs,apparel,17.28,PRODUCT44541
PRODUCT00506,tool basket,tools,17.28,PRODUCT44568
PRODUCT00507,cellphone,electronics and technology,38.07,PRODUCT44599
PRODUCT00508,Kick a fried onion rings,readymade_dinner,52.5,PRODUCT44959
PRODUCT00509,pair of glasses,accessories,5.74,PRODUCT45008
PRODUCT00510,sand paper,stationary,4.47,PRODUCT45019
PRODUCT00511,Oatmeal cookie granola,readymade_lunch,22.7,PRODUCT45047
PRODUCT00512,Just like deweys candied walnut and grape salad,readymade_dinner,47.47,PRODUCT45048
PRODUCT00513,sofa bed,furniture,38.07,PRODUCT45091
PRODUCT00514,Caramelized onion focaccia bread machine,readymade_lunch,32.29,PRODUCT45096
PRODUCT00515,bottle of glue,stationary and school supplies,5.74,PRODUCT45110
PRODUCT00516,Spicy chicken soup with hints of lemongrass and coconut milk,readymade_lunch,20.42,PRODUCT45148
PRODUCT00517,cucumber,grocery,17.28,PRODUCT45177
PRODUCT00518,Awesome orange chocolate muffins,readymade_breakfast,14.25,PRODUCT45363
PRODUCT00519,Italian eggs with bacon,readymade_breakfast,14.76,PRODUCT45704
PRODUCT00520,Scrambled eggs oeufs brouills,readymade_breakfast,6.82,PRODUCT45809
PRODUCT00521,No bake hersheys bar pie,readymade_lunch,19.42,PRODUCT45896
PRODUCT00522,leather wallet,accessories,5.74,PRODUCT45904
PRODUCT00523,Blueberry bakery muffins,readymade_breakfast,11.75,PRODUCT45916
PRODUCT00524,coffee pot,kitchenware,17.28,PRODUCT45928
PRODUCT00525,Raspberry cranberry salad with sour cream cream cheese topping,readymade_dinner,55.4,PRODUCT46016
PRODUCT00526,floor,furniture,38.07,PRODUCT46172
PRODUCT00527,grocery bag,grocery,17.28,PRODUCT46180
PRODUCT00528,Mexi eggs in a hole,readymade_breakfast,6.24,PRODUCT46247
PRODUCT00529,Bacon egg casserole,readymade_breakfast,13.24,PRODUCT46448
PRODUCT00530,shirt with collar,apparel,17.28,PRODUCT46469
PRODUCT00531,Mushroom and chicken grilled quesadillas,readymade_dinner,35.9,PRODUCT46591
PRODUCT00532,plush unicorn,toys and entertainment,38.07,PRODUCT46595
PRODUCT00533,sponge,kitchenware,17.28,PRODUCT46596
PRODUCT00534,Creamy cucumber dill dip,readymade_dinner,44.37,PRODUCT46677
PRODUCT00535,tower holder,furniture,38.07,PRODUCT46799
PRODUCT00536,brown shoes,apparel,17.28,PRODUCT46852
PRODUCT00537,Sweet and sour pork balls,readymade_dinner,43.66,PRODUCT46858
PRODUCT00538,Scallop saute,readymade_dinner,34.33,PRODUCT46929
PRODUCT00539,dagger,accessories,5.74,PRODUCT46943
PRODUCT00540,roll of toilet paper,health and hygiene,6.11,PRODUCT47037
PRODUCT00541,monitor,electronics and technology,38.07,PRODUCT47057
PRODUCT00542,bookmark,accessories,5.74,PRODUCT47288
PRODUCT00543,blouse,apparel,17.28,PRODUCT47328
PRODUCT00544,hair ribbon,accessories,5.74,PRODUCT47369
PRODUCT00545,pair of scissors,tools,17.28,PRODUCT47439
PRODUCT00546,Purple cow,readymade_breakfast,10.89,PRODUCT47439
PRODUCT00547,Number 400 seafood casserole,readymade_lunch,17.31,PRODUCT47523
PRODUCT00548,Crispy fried chicken spring rolls,readymade_lunch,38.74,PRODUCT47533
PRODUCT00549,Scallop saute,readymade_lunch,22.13,PRODUCT47662
PRODUCT00550,Provencal olives,readymade_dinner,34.29,PRODUCT47842
PRODUCT00551,Fantastic banana bran muffins,readymade_lunch,23.09,PRODUCT47893
PRODUCT00552,Ham omelet deluxe,readymade_breakfast,13.87,PRODUCT47927
PRODUCT00553,egg,grocery,17.28,PRODUCT47989
PRODUCT00554,deodorant stick,health and hygiene,6.11,PRODUCT47996
PRODUCT00555,candy cane,grocery,17.28,PRODUCT48014
PRODUCT00556,samsung tablet,electronics and technology,38.07,PRODUCT48019
PRODUCT00557,Fresh tomato and cucumber salad,readymade_lunch,18.14,PRODUCT48268
PRODUCT00558,Original praline bacon recipe,readymade_breakfast,6.22,PRODUCT48655
PRODUCT00559,toy plane,toys and entertainment,38.07,PRODUCT48736
PRODUCT00560,red ribbon cake,grocery,17.28,PRODUCT48963
PRODUCT00561,table,furniture,38.07,PRODUCT48972
PRODUCT00562,refrigerator magnet,accessories,5.74,PRODUCT49110
PRODUCT00563,canteen spoon,kitchenware,17.28,PRODUCT49144
PRODUCT00564,Blue margaritas,readymade_dinner,40.62,PRODUCT49164
PRODUCT00565,jar of peanut butter,grocery,17.28,PRODUCT49305
PRODUCT00566,washing machine,appliances,23.24,PRODUCT49380
PRODUCT00567,Tilapia in thai sauce,readymade_dinner,45.72,PRODUCT49390
PRODUCT00568,Vanilla fruit dip,readymade_breakfast,7.58,PRODUCT49459
PRODUCT00569,small banana,grocery,17.28,PRODUCT49478
PRODUCT00570,vodafone mobile phone,electronics and technology,38.07,PRODUCT49554
PRODUCT00571,air fryer,electronics and technology,38.07,PRODUCT49814
PRODUCT00572,sticky note,stationary and school supplies,5.74,PRODUCT49928
PRODUCT00573,Green goddess dressing,readymade_lunch,19.92,PRODUCT50225
PRODUCT00574,The greatful bread sandwich,readymade_lunch,12.39,PRODUCT50238
PRODUCT00575,bottle of pills,health and hygiene,6.11,PRODUCT50249
PRODUCT00576,desk,furniture,38.07,PRODUCT50257
PRODUCT00577,Sourdough rosemary potato bread,readymade_dinner,30.68,PRODUCT50352
PRODUCT00578,Hummus with pine nuts turkish style,readymade_dinner,40.31,PRODUCT50369
PRODUCT00579,Oatmeal cookie granola,readymade_breakfast,14.42,PRODUCT50413
PRODUCT00580,eye liner,cosmetic,8.86,PRODUCT50422
PRODUCT00581,slipper,apparel,17.28,PRODUCT50527
PRODUCT00582,sofa,furniture,38.07,PRODUCT50527
PRODUCT00583,Cheery cherry muffins,readymade_breakfast,7.53,PRODUCT50553
PRODUCT00584,Broiled cinnamon toast,readymade_breakfast,6.44,PRODUCT50613
PRODUCT00585,giraffe toy,toys and entertainment,38.07,PRODUCT50634
PRODUCT00586,Fresh mango bread,readymade_lunch,31.54,PRODUCT50666
PRODUCT00587,Nifs peanut butter banana muffins,readymade_lunch,40.09,PRODUCT50818
PRODUCT00588,screw,tools,17.28,PRODUCT50905
PRODUCT00589,crowbar,tools,17.28,PRODUCT50943
PRODUCT00590,wooden spoon,kitchenware,17.28,PRODUCT51071
PRODUCT00591,Buttermilk mashed potatoes with country mustard,readymade_dinner,32.53,PRODUCT51326
PRODUCT00592,lace,accessories,5.74,PRODUCT51428
PRODUCT00593,Spiced poached pears,readymade_dinner,32.6,PRODUCT51544
PRODUCT00594,blue pen,stationary and school supplies,5.74,PRODUCT51590
PRODUCT00595,camera,electronics and technology,38.07,PRODUCT51599
PRODUCT00596,Fresh mango bread,readymade_lunch,28.83,PRODUCT51619
PRODUCT00597,Ginger lemon muffins,readymade_breakfast,7.01,PRODUCT51714
PRODUCT00598,big fork,kitchenware,17.28,PRODUCT51902
PRODUCT00599,locket,accessories,5.74,PRODUCT51961
PRODUCT00600,Asian broccoli salad,readymade_dinner,45.61,PRODUCT51992
PRODUCT00601,Spinach salad with feta cheese,readymade_dinner,39.09,PRODUCT52004
PRODUCT00602,hand fan,electronics and technology,38.07,PRODUCT52201
PRODUCT00603,Salata marouli romaine lettuce salad,readymade_dinner,31.41,PRODUCT52352
PRODUCT00604,No bake hersheys bar pie,readymade_lunch,28.84,PRODUCT52395
PRODUCT00605,Easy breakfast casserole,readymade_breakfast,10.15,PRODUCT52456
PRODUCT00606,Frozen kahlua creme,readymade_dinner,47.13,PRODUCT52507
PRODUCT00607,glass mug,kitchenware,17.28,PRODUCT52510
PRODUCT00608,pudding,grocery,17.28,PRODUCT52518
PRODUCT00609,Blt sandwich,readymade_lunch,17.28,PRODUCT52670
PRODUCT00610,Strawberry pavlova,readymade_dinner,48.63,PRODUCT52732
PRODUCT00611,gold belt,apparel,17.28,PRODUCT52838
PRODUCT00612,Best buttermilk pancakes,readymade_breakfast,5.83,PRODUCT52912
PRODUCT00613,Simply simple cucumber slices in vinegar dressing longmeadow,readymade_lunch,37.15,PRODUCT52948
PRODUCT00614,Hearty grilled cheese,readymade_lunch,39.13,PRODUCT53005
PRODUCT00615,egg timer,kitchenware,17.28,PRODUCT53153
PRODUCT00616,Salmon with bourbon and brown sugar glaze,readymade_lunch,24.22,PRODUCT53493
PRODUCT00617,Oriental asparagus and mushrooms,readymade_dinner,47.57,PRODUCT53549
PRODUCT00618,Nude beach,readymade_dinner,50.32,PRODUCT53786
PRODUCT00619,Mamas fruit cobbler,readymade_dinner,48.39,PRODUCT53944
PRODUCT00620,bottle of milk,grocery,17.28,PRODUCT54065
PRODUCT00621,clothes pin,accessories,5.74,PRODUCT54103
PRODUCT00622,mugs,kitchenware,17.28,PRODUCT54351
PRODUCT00623,tennis ball,sports,16.51,PRODUCT54373
PRODUCT00624,Kittencals chicken cacciatore,readymade_dinner,47.34,PRODUCT54450
PRODUCT00625,water jug,grocery,17.28,PRODUCT54530
PRODUCT00626,Blackberry breakfast bars,readymade_breakfast,14.36,PRODUCT54639
PRODUCT00627,box of baking soda,grocery,17.28,PRODUCT54698
PRODUCT00628,No bake hersheys bar pie,readymade_lunch,23.77,PRODUCT54776
PRODUCT00629,Herbed potato with cottage cheese,readymade_dinner,52.47,PRODUCT54947
PRODUCT00630,sketch pad,stationary and school supplies,5.74,PRODUCT55042
PRODUCT00631,belt,apparel,17.28,PRODUCT55151
PRODUCT00632,white shorts,apparel,17.28,PRODUCT55159
PRODUCT00633,bottle of syrup,grocery,17.28,PRODUCT55210
PRODUCT00634,Sweet and sour kielbasa kabobs,readymade_dinner,39.99,PRODUCT55244
PRODUCT00635,can of peas,grocery,17.28,PRODUCT55281
PRODUCT00636,bow tie,apparel,17.28,PRODUCT55299
PRODUCT00637,guitar,music,5.02,PRODUCT55313
PRODUCT00638,Hot salty nuts,readymade_dinner,38.24,PRODUCT55397
PRODUCT00639,Number 400 seafood casserole,readymade_lunch,19.08,PRODUCT55496
PRODUCT00640,Ww greek inspired scrambled egg wraps,readymade_lunch,31.69,PRODUCT55497
PRODUCT00641,tube of lipstick,cosmetics,12.51,PRODUCT55552
PRODUCT00642,Jamaican pork tenderloin,readymade_dinner,46.66,PRODUCT55618
PRODUCT00643,plush octopus,toys and entertainment,38.07,PRODUCT55689
PRODUCT00644,shampoo,health and hygiene,6.11,PRODUCT55761
PRODUCT00645,Creamy beet salad,readymade_dinner,44.45,PRODUCT55766
PRODUCT00646,feather duster,cleaning materials,19.1,PRODUCT55771
PRODUCT00647,computer chair,furniture,38.07,PRODUCT55816
PRODUCT00648,lip gloss,accessories,5.74,PRODUCT55872
PRODUCT00649,Onion burgers by john t edge the longmeadow farm,readymade_lunch,30.73,PRODUCT55949
PRODUCT00650,sharpie,school supplies,18.67,PRODUCT56236
PRODUCT00651,Blackberry breakfast bars,readymade_breakfast,14.0,PRODUCT56387
PRODUCT00652,Rotisserie style chicken in the crock pot,readymade_lunch,34.72,PRODUCT56457
PRODUCT00653,Don t burn your fingers garlic bread,readymade_lunch,31.65,PRODUCT56536
PRODUCT00654,coffee mug,kitchenware,17.28,PRODUCT56583
PRODUCT00655,big notebook,stationary and school supplies,5.74,PRODUCT56800
PRODUCT00656,Chili jack oven omelet,readymade_breakfast,15.5,PRODUCT56813
PRODUCT00657,Pumpkin ginger scones with cinnamon chips,readymade_breakfast,11.69,PRODUCT57150
PRODUCT00658,Lindas chunky garlic mashed potatoes,readymade_dinner,44.52,PRODUCT57337
PRODUCT00659,carrots,grocery,17.28,PRODUCT57386
PRODUCT00660,Orzo with tomatoes feta and green onions,readymade_dinner,51.44,PRODUCT57400
PRODUCT00661,hair brush,accessories,5.74,PRODUCT57409
PRODUCT00662,game CD,toys and entertainment,38.07,PRODUCT57861
PRODUCT00663,Spanish garlic shrimp taverna,readymade_dinner,38.88,PRODUCT57874
PRODUCT00664,pine tree,furniture,38.07,PRODUCT57905
PRODUCT00665,duvet,furniture,38.07,PRODUCT57940
PRODUCT00666,Pork chops with apples stuffing,readymade_dinner,44.03,PRODUCT57944
PRODUCT00667,bottle of paint,Unspecified,21.26,PRODUCT58030
PRODUCT00668,ring,accessories,5.74,PRODUCT58198
PRODUCT00669,snail shell,grocery,17.28,PRODUCT58268
PRODUCT00670,Curried pea soup,readymade_dinner,37.05,PRODUCT58303
PRODUCT00671,box of tissues,grocery,17.28,PRODUCT58345
PRODUCT00672,nail clippers,accessories,5.74,PRODUCT58422
PRODUCT00673,Hoisin marinated wing pieces,readymade_lunch,21.42,PRODUCT58549
PRODUCT00674,chocolate flowers,grocery,17.28,PRODUCT58626
PRODUCT00675,Breakfast casserole seasoned with country gravy,readymade_breakfast,7.29,PRODUCT58777
PRODUCT00676,Lemon and parsley potatoes,readymade_dinner,49.46,PRODUCT58972
PRODUCT00677,Chef flowers simple sunday brunch omelette,readymade_breakfast,10.8,PRODUCT58979
PRODUCT00678,Pork chops with apples stuffing,readymade_dinner,52.31,PRODUCT58987
PRODUCT00679,rock salt,grocery,17.28,PRODUCT59065
PRODUCT00680,marble,toys and entertainment,38.07,PRODUCT59114
PRODUCT00681,Broiled cinnamon toast,readymade_breakfast,10.73,PRODUCT59165
PRODUCT00682,perfume,accessories,5.74,PRODUCT59234
PRODUCT00683,frying pan,kitchenware,17.28,PRODUCT59313
PRODUCT00684,Spiced poached pears,readymade_dinner,48.53,PRODUCT59517
PRODUCT00685,straw,accessories,5.74,PRODUCT59575
PRODUCT00686,statuette,furniture,38.07,PRODUCT59580
PRODUCT00687,baseball,sports,19.51,PRODUCT59581
PRODUCT00688,Uncle bills caesar canadian style,readymade_dinner,44.45,PRODUCT59682
PRODUCT00689,needle,accessories,5.74,PRODUCT59722
PRODUCT00690,Habit forming shrimp dip,readymade_lunch,27.23,PRODUCT59950
PRODUCT00691,bottle of honey,grocery,17.28,PRODUCT60060
PRODUCT00692,Insanely easy chickpea salad,readymade_lunch,27.18,PRODUCT60140
PRODUCT00693,colgate tooth paste,health and hygiene,6.11,PRODUCT60168
PRODUCT00694,Pumpkin french toast with toasted walnuts,readymade_breakfast,5.89,PRODUCT60217
PRODUCT00695,speakers,electronics and technology,38.07,PRODUCT60286
PRODUCT00696,box of crayons,stationary and school supplies,5.74,PRODUCT60417
PRODUCT00697,bag of cotton balls,health and hygiene,6.11,PRODUCT60465
PRODUCT00698,Spinach with lemon garlic,readymade_dinner,37.4,PRODUCT60629
PRODUCT00699,bonesaw,tools,17.28,PRODUCT60723
PRODUCT00700,nail filer,accessories,5.74,PRODUCT60735
PRODUCT00701,Blueberry banana happy face pancakes,readymade_breakfast,8.09,PRODUCT61036
PRODUCT00702,pair of binoculars,tools,17.28,PRODUCT61036
PRODUCT00703,pocketwatch,electronics and technology,38.07,PRODUCT61390
PRODUCT00704,vase,furniture,38.07,PRODUCT61461
PRODUCT00705,Salami havarti and cole slaw sandwiches,readymade_lunch,11.4,PRODUCT61586
PRODUCT00706,thermometer,health and hygiene,6.11,PRODUCT61886
PRODUCT00707,Chili jack oven omelet,readymade_breakfast,9.95,PRODUCT61957
PRODUCT00708,ice cube,grocery,17.28,PRODUCT61959
PRODUCT00709,Fake crab salad sandwiches,readymade_lunch,20.62,PRODUCT62013
PRODUCT00710,Delicious cheesy bacon and green onion potato skins,readymade_lunch,19.76,PRODUCT62030
PRODUCT00711,chocolate,grocery,17.28,PRODUCT62030
PRODUCT00712,multipurpose cleaning,cleaning materials,21.45,PRODUCT62074
PRODUCT00713,Goat cheese black olive mashed potatoes,readymade_lunch,33.52,PRODUCT62255
PRODUCT00714,Lubys cafeteria butternut brownie pie,readymade_dinner,45.33,PRODUCT62317
PRODUCT00715,jar of pickles,grocery,17.28,PRODUCT62485
PRODUCT00716,Sweet onion and mashed potato bake,readymade_dinner,37.61,PRODUCT62552
PRODUCT00717,deviant television,electronics and technology,38.07,PRODUCT62563
PRODUCT00718,necktie,apparel,17.28,PRODUCT62585
PRODUCT00719,Ww potato gratin 5 points,readymade_dinner,31.92,PRODUCT62588
PRODUCT00720,teddies,toys and entertainment,38.07,PRODUCT62779
PRODUCT00721,painting,furniture,38.07,PRODUCT62849
PRODUCT00722,bottle of ink,accessories,5.74,PRODUCT62971
PRODUCT00723,Strammer max german warm sandwich,readymade_lunch,24.44,PRODUCT63060
PRODUCT00724,Fried almonds,readymade_dinner,42.71,PRODUCT63143
PRODUCT00725,Kahlua hot chocolate,readymade_dinner,44.37,PRODUCT63156
PRODUCT00726,bread knife,kitchenware,17.28,PRODUCT63163
PRODUCT00727,Baby greens with pears gorgonzola and pecans,readymade_dinner,50.69,PRODUCT63248
PRODUCT00728,book of jokes,toys and entertainment,38.07,PRODUCT63300
PRODUCT00729,lotion,health and hygiene,6.11,PRODUCT63304
PRODUCT00730,mobile phone,electronics and technology,38.07,PRODUCT63506
PRODUCT00731,cat food,grocery,17.28,PRODUCT63527
PRODUCT00732,jigsaw puzzle,toys and entertainment,38.07,PRODUCT63613
PRODUCT00733,game cartridge,toys and entertainment,38.07,PRODUCT63665
PRODUCT00734,bottle of nail polish,cosmetics,15.69,PRODUCT63735
PRODUCT00735,Easy breakfast casserole,readymade_breakfast,13.11,PRODUCT63736
PRODUCT00736,lamp,furniture,38.07,PRODUCT63902
PRODUCT00737,soccer ball,sports,25.95,PRODUCT63936
PRODUCT00738,animal food,grocery,17.28,PRODUCT64078
PRODUCT00739,Pearls sesame noodles,readymade_lunch,11.79,PRODUCT64100
PRODUCT00740,Rotisserie style chicken in the crock pot,readymade_lunch,21.53,PRODUCT64118
PRODUCT00741,spool of wire,tools,17.28,PRODUCT64124
PRODUCT00742,quilt,accessories,5.74,PRODUCT64128
PRODUCT00743,Breakfast casserole seasoned with country gravy,readymade_breakfast,12.68,PRODUCT64186
PRODUCT00744,ceiling lights,furniture,38.07,PRODUCT64538
PRODUCT00745,pair of knitting needles,accessories,5.74,PRODUCT64561
PRODUCT00746,tissue box,grocery,17.28,PRODUCT64735
PRODUCT00747,place mat,kitchenware,17.28,PRODUCT64754
PRODUCT00748,rhino plushie,toys and entertainment,38.07,PRODUCT65310
PRODUCT00749,shawl,apparel,17.28,PRODUCT65401
PRODUCT00750,Crispy noodle salad with sweet and sour dressing,readymade_dinner,49.64,PRODUCT65444
